31799,git@github.com:restud-replication-packages/31799.git,2023-08-14T12:01:25Z
26607,git@github.com:restud-replication-packages/26607.git,2023-07-10T09:45:00Z
31601,git@github.com:restud-replication-packages/31601.git,2023-06-28T11:12:22Z
32201,git@github.com:restud-replication-packages/32201.git,2023-08-14T13:51:42Z
23287,git@github.com:restud-replication-packages/23287.git,2023-08-01T07:57:08Z
29858,git@github.com:restud-replication-packages/29858.git,2023-07-28T13:25:28Z
30756,git@github.com:restud-replication-packages/30756.git,2023-07-28T13:54:32Z
30261,git@github.com:restud-replication-packages/30261.git,2023-07-21T02:11:20Z
30489,git@github.com:restud-replication-packages/30489.git,2023-08-14T07:29:02Z
26854,git@github.com:restud-replication-packages/26854.git,2023-02-19T14:11:38Z
30914,git@github.com:restud-replication-packages/30914.git,2023-05-30T07:37:11Z
30705,git@github.com:restud-replication-packages/30705.git,2023-04-11T14:26:23Z
27726,git@github.com:restud-replication-packages/27726.git,2023-06-28T11:15:44Z
27466,git@github.com:restud-replication-packages/27466.git,2023-08-28T16:48:58Z
27915,git@github.com:restud-replication-packages/27915.git,2023-05-15T11:12:06Z
29359,git@github.com:restud-replication-packages/29359.git,2023-05-24T08:57:44Z
27332,git@github.com:restud-replication-packages/27332.git,2023-06-05T09:08:21Z
30990,git@github.com:restud-replication-packages/30990.git,2023-07-03T14:27:52Z
29572,git@github.com:restud-replication-packages/29572.git,2023-04-28T10:47:08Z
31675,git@github.com:restud-replication-packages/31675.git,2023-07-13T18:58:52Z
30374,git@github.com:restud-replication-packages/30374.git,2023-07-13T19:11:17Z
31137,git@github.com:restud-replication-packages/31137.git,2023-01-09T13:04:15Z
30499,git@github.com:restud-replication-packages/30499.git,2023-07-10T07:46:10Z
29304,git@github.com:restud-replication-packages/29304.git,2023-02-01T14:11:05Z
29689,git@github.com:restud-replication-packages/29689.git,2023-07-10T09:42:40Z
29719,git@github.com:restud-replication-packages/29719.git,2023-03-21T14:09:33Z
29087,git@github.com:restud-replication-packages/29087.git,2023-03-22T13:52:19Z
25711,git@github.com:restud-replication-packages/25711.git,2023-06-04T14:01:26Z
27129,git@github.com:restud-replication-packages/27129.git,2023-05-12T10:19:15Z
24355,git@github.com:restud-replication-packages/24355.git,2023-02-26T21:19:04Z
29898,git@github.com:restud-replication-packages/29898.git,2023-04-23T20:43:51Z
31360,git@github.com:restud-replication-packages/31360.git,2023-04-11T06:31:42Z
29292,git@github.com:restud-replication-packages/29292.git,2023-04-23T21:57:49Z
26989,git@github.com:restud-replication-packages/26989.git,2023-02-01T12:32:07Z
29339,git@github.com:restud-replication-packages/29339.git,2023-01-16T12:51:44Z
25909,git@github.com:restud-replication-packages/25909.git,2023-01-16T09:14:37Z
25730,git@github.com:restud-replication-packages/25730.git,2023-05-05T13:59:43Z
28986,git@github.com:restud-replication-packages/28986.git,2023-03-22T13:25:01Z
30938,git@github.com:restud-replication-packages/30938.git,2023-04-06T08:25:30Z
28149,git@github.com:restud-replication-packages/28149.git,2023-03-20T14:02:01Z
24478,git@github.com:restud-replication-packages/24478.git,2023-03-21T13:03:30Z
29108,git@github.com:restud-replication-packages/29108.git,2023-03-22T09:34:14Z
31028,git@github.com:restud-replication-packages/31028.git,2023-03-20T13:25:34Z
26529,git@github.com:restud-replication-packages/26529.git,2023-01-09T13:49:58Z
30269,git@github.com:restud-replication-packages/30269.git,2023-03-20T15:49:55Z
26114,git@github.com:restud-replication-packages/26114.git,2023-02-26T19:44:15Z
30434,git@github.com:restud-replication-packages/30434.git,2022-11-07T15:41:30Z
30141,git@github.com:restud-replication-packages/30141.git,2023-04-06T08:22:11Z
26908,git@github.com:restud-replication-packages/26908.git,2022-12-20T08:23:55Z
25418,git@github.com:restud-replication-packages/25418.git,2023-02-02T12:17:29Z
27428,git@github.com:restud-replication-packages/27428.git,2023-02-19T20:59:26Z
28040,git@github.com:restud-replication-packages/28040.git,2022-08-12T13:29:34Z
31561,git@github.com:restud-replication-packages/31561.git,2023-01-31T15:00:32Z
26060,git@github.com:restud-replication-packages/26060.git,2023-02-06T18:06:37Z
29684,git@github.com:restud-replication-packages/29684.git,2023-01-16T09:15:40Z
29136,git@github.com:restud-replication-packages/29136.git,2022-12-27T19:07:02Z
31266,git@github.com:restud-replication-packages/31266.git,2023-02-01T20:19:11Z
28528,git@github.com:restud-replication-packages/28528.git,2022-11-04T10:14:43Z
26990,git@github.com:restud-replication-packages/26990.git,2021-02-12T09:36:23Z
30064,git@github.com:restud-replication-packages/30064.git,2022-12-05T10:07:49Z
29730,git@github.com:restud-replication-packages/29730.git,2022-06-14T19:29:32Z
31038,git@github.com:restud-replication-packages/31038.git,2023-02-19T15:12:20Z
26332,git@github.com:restud-replication-packages/26332.git,2022-11-16T13:41:11Z
30197,git@github.com:restud-replication-packages/30197.git,2023-02-01T12:56:37Z
29806,git@github.com:restud-replication-packages/29806.git,2022-11-04T09:10:02Z
29545,git@github.com:restud-replication-packages/29545.git,2022-12-12T10:46:36Z
29944,git@github.com:restud-replication-packages/29944.git,2023-02-01T11:49:07Z
27686,git@github.com:restud-replication-packages/27686.git,2022-09-29T17:48:39Z
30673,git@github.com:restud-replication-packages/30673.git,2023-01-16T09:44:55Z
30613,git@github.com:restud-replication-packages/30613.git,2022-08-28T17:15:39Z
28876,git@github.com:restud-replication-packages/28876.git,2022-11-20T19:49:25Z
25884,git@github.com:restud-replication-packages/25884.git,2022-11-25T16:37:13Z
29780,git@github.com:restud-replication-packages/29780.git,2022-11-24T20:47:28Z
30633,git@github.com:restud-replication-packages/30633.git,2022-07-26T19:25:18Z
27631,git@github.com:restud-replication-packages/27631.git,2022-11-25T14:54:21Z
31409,git@github.com:restud-replication-packages/31409.git,2022-11-20T21:03:45Z
30797,git@github.com:restud-replication-packages/30797.git,2022-11-03T15:01:19Z
28083,git@github.com:restud-replication-packages/28083.git,2022-12-12T10:08:44Z
30913,git@github.com:restud-replication-packages/30913.git,2022-12-05T10:17:23Z
30623,git@github.com:restud-replication-packages/30623.git,2022-11-20T22:57:17Z
27122,git@github.com:restud-replication-packages/27122.git,2022-10-05T09:01:15Z
30092,git@github.com:restud-replication-packages/30092.git,2022-11-09T09:28:19Z
22602,git@github.com:restud-replication-packages/22602.git,2022-12-20T08:29:10Z
30253,git@github.com:restud-replication-packages/30253.git,2022-12-12T10:44:27Z
28617,git@github.com:restud-replication-packages/28617.git,2022-02-21T18:33:37Z
27364,git@github.com:restud-replication-packages/27364.git,2022-11-28T15:27:44Z
28885,git@github.com:restud-replication-packages/28885.git,2022-11-21T12:10:57Z
31343,git@github.com:restud-replication-packages/31343.git,2022-12-20T08:11:24Z
24824,git@github.com:restud-replication-packages/24824.git,2022-12-12T11:01:28Z
29626,git@github.com:restud-replication-packages/29626.git,2022-11-04T07:55:38Z
29471,git@github.com:restud-replication-packages/29471.git,2022-09-13T16:28:00Z
27527,git@github.com:restud-replication-packages/27527.git,2022-11-25T16:38:28Z
30764,git@github.com:restud-replication-packages/30764.git,2022-11-03T13:51:28Z
27524,git@github.com:restud-replication-packages/27524.git,2022-10-05T09:39:54Z
28561,git@github.com:restud-replication-packages/28561.git,2022-11-20T22:15:01Z
27140,git@github.com:restud-replication-packages/27140.git,2022-09-05T21:52:38Z
28198,git@github.com:restud-replication-packages/28198.git,2022-07-14T06:38:35Z
27160,git@github.com:restud-replication-packages/27160.git,2022-07-14T06:36:50Z
30274,git@github.com:restud-replication-packages/30274.git,2022-06-15T18:49:07Z
28322,git@github.com:restud-replication-packages/28322.git,2022-08-28T17:08:31Z
28800,git@github.com:restud-replication-packages/28800.git,2022-08-28T16:46:43Z
27601,git@github.com:restud-replication-packages/27601.git,2022-08-28T16:24:13Z
28900,git@github.com:restud-replication-packages/28900.git,2022-09-05T22:19:21Z
28594,git@github.com:restud-replication-packages/28594.git,2022-07-26T21:05:29Z
29624,git@github.com:restud-replication-packages/29624.git,2022-05-17T14:35:20Z
29930,git@github.com:restud-replication-packages/29930.git,2022-08-28T08:15:20Z
26875,git@github.com:restud-replication-packages/26875.git,2022-08-27T12:04:47Z
29180,git@github.com:restud-replication-packages/29180.git,2022-07-12T08:05:30Z
24015,git@github.com:restud-replication-packages/24015.git,2022-07-26T21:14:12Z
29092,git@github.com:restud-replication-packages/29092.git,2022-07-26T20:31:42Z
30704,git@github.com:restud-replication-packages/30704.git,2022-06-15T19:04:18Z
26744,git@github.com:restud-replication-packages/26744.git,2022-06-24T13:51:03Z
28075,git@github.com:restud-replication-packages/28075.git,2022-07-11T09:34:53Z
28074,git@github.com:restud-replication-packages/28074.git,2022-02-14T18:52:54Z
24242,git@github.com:restud-replication-packages/24242.git,2022-06-15T19:09:01Z
29469,git@github.com:restud-replication-packages/29469.git,2022-07-11T11:16:03Z
27333,git@github.com:restud-replication-packages/27333.git,2022-03-16T22:08:27Z
29592,git@github.com:restud-replication-packages/29592.git,2022-05-12T07:58:11Z
30815,git@github.com:restud-replication-packages/30815.git,2022-06-24T13:31:47Z
31051,git@github.com:restud-replication-packages/31051.git,2022-07-12T08:27:12Z
28548,git@github.com:restud-replication-packages/28548.git,2022-05-12T11:22:48Z
27825,git@github.com:restud-replication-packages/27825.git,2022-02-21T10:50:41Z
25154,git@github.com:restud-replication-packages/25154.git,2022-04-07T09:27:08Z
29948,git@github.com:restud-replication-packages/29948.git,2022-05-13T13:50:28Z
27965,git@github.com:restud-replication-packages/27965.git,2021-03-22T09:35:56Z
26318,git@github.com:restud-replication-packages/26318.git,2022-05-30T16:17:52Z
29963,git@github.com:restud-replication-packages/29963.git,2022-04-06T11:10:10Z
29554,git@github.com:restud-replication-packages/29554.git,2022-01-31T12:52:50Z
29926,git@github.com:restud-replication-packages/29926.git,2022-05-18T15:55:09Z
28953,git@github.com:restud-replication-packages/28953.git,2022-01-25T10:22:34Z
25995,git@github.com:restud-replication-packages/25995.git,2022-03-23T20:15:33Z
29894,git@github.com:restud-replication-packages/29894.git,2022-04-26T09:38:23Z
26817,git@github.com:restud-replication-packages/26817.git,2021-12-20T19:17:34Z
26772,git@github.com:restud-replication-packages/26772.git,2022-05-02T15:20:26Z
29961,git@github.com:restud-replication-packages/29961.git,2022-04-19T13:35:52Z
29422,git@github.com:restud-replication-packages/29422.git,2022-04-20T18:15:58Z
25474,git@github.com:restud-replication-packages/25474.git,2022-02-21T16:27:46Z
29699,git@github.com:restud-replication-packages/29699.git,2022-02-21T21:59:34Z
25306,git@github.com:restud-replication-packages/25306.git,2021-08-02T08:51:13Z
22564,git@github.com:restud-replication-packages/22564.git,2022-02-08T23:09:09Z
29220,git@github.com:restud-replication-packages/29220.git,2022-04-04T08:19:49Z
30675,git@github.com:restud-replication-packages/30675.git,2022-03-02T12:28:13Z
28269,git@github.com:restud-replication-packages/28269.git,2022-03-16T20:31:46Z
27039,git@github.com:restud-replication-packages/27039.git,2022-02-21T19:28:40Z
28787,git@github.com:restud-replication-packages/28787.git,2022-03-16T21:48:26Z
25146,git@github.com:restud-replication-packages/25146.git,2021-12-10T21:33:41Z
28700,git@github.com:restud-replication-packages/28700.git,2022-02-14T19:24:50Z
26878,git@github.com:restud-replication-packages/26878.git,2021-10-24T05:50:19Z
28210,git@github.com:restud-replication-packages/28210.git,2022-03-04T07:50:18Z
25989,git@github.com:restud-replication-packages/25989.git,2022-02-03T08:40:23Z
29526,git@github.com:restud-replication-packages/29526.git,2022-01-25T09:49:01Z
28574,git@github.com:restud-replication-packages/28574.git,2022-01-25T08:57:31Z
27453,git@github.com:restud-replication-packages/27453.git,2022-01-21T17:11:45Z
26804,git@github.com:restud-replication-packages/26804.git,2022-01-18T14:55:24Z
30819,git@github.com:restud-replication-packages/30819.git,2022-01-05T13:48:49Z
29281,git@github.com:restud-replication-packages/29281.git,2022-01-21T16:47:42Z
27186,git@github.com:restud-replication-packages/27186.git,2022-01-05T11:50:47Z
29034,git@github.com:restud-replication-packages/29034.git,2021-12-20T14:35:33Z
26222,git@github.com:restud-replication-packages/26222.git,2021-12-20T13:36:01Z
24767,git@github.com:restud-replication-packages/24767.git,2021-11-12T12:50:35Z
28064,git@github.com:restud-replication-packages/28064.git,2021-10-24T05:02:08Z
28207,git@github.com:restud-replication-packages/28207.git,2021-12-10T21:30:06Z
28147,git@github.com:restud-replication-packages/28147.git,2021-12-10T21:32:00Z
28784,git@github.com:restud-replication-packages/28784.git,2021-09-22T13:43:34Z
27863,git@github.com:restud-replication-packages/27863.git,2021-10-10T09:44:06Z
26454,git@github.com:restud-replication-packages/26454.git,2021-11-08T16:40:29Z
25780,git@github.com:restud-replication-packages/25780.git,2021-11-30T15:51:02Z
26570,git@github.com:restud-replication-packages/26570.git,2021-10-01T17:26:44Z
26902,git@github.com:restud-replication-packages/26902.git,2021-09-03T20:40:44Z
27214,git@github.com:restud-replication-packages/27214.git,2021-10-22T15:47:06Z
27720,git@github.com:restud-replication-packages/27720.git,2021-10-04T19:15:06Z
27642,git@github.com:restud-replication-packages/27642.git,2021-10-29T18:11:19Z
17262,git@github.com:restud-replication-packages/17262.git,2021-09-15T11:48:47Z
29285,git@github.com:restud-replication-packages/29285.git,2021-10-10T15:20:19Z
26888,git@github.com:restud-replication-packages/26888.git,2021-09-22T12:29:05Z
29023,git@github.com:restud-replication-packages/29023.git,2021-07-30T12:12:22Z
25485,git@github.com:restud-replication-packages/25485.git,2021-08-09T16:38:21Z
27228,git@github.com:restud-replication-packages/27228.git,2021-09-30T11:16:56Z
29498,git@github.com:restud-replication-packages/29498.git,2021-09-22T10:43:54Z
29186,git@github.com:restud-replication-packages/29186.git,2021-09-22T09:33:12Z
24710,git@github.com:restud-replication-packages/24710.git,2021-10-04T16:46:02Z
26084,git@github.com:restud-replication-packages/26084.git,2021-08-16T16:09:29Z
27157,git@github.com:restud-replication-packages/27157.git,2021-08-09T15:16:21Z
25338,git@github.com:restud-replication-packages/25338.git,2021-07-08T09:44:10Z
24854,git@github.com:restud-replication-packages/24854.git,2021-09-22T11:23:48Z
29473,git@github.com:restud-replication-packages/29473.git,2021-10-04T19:16:19Z
26007,git@github.com:restud-replication-packages/26007.git,2021-08-24T17:58:17Z
28434,git@github.com:restud-replication-packages/28434.git,2021-08-19T17:07:22Z
27528,git@github.com:restud-replication-packages/27528.git,2021-08-16T09:42:41Z
27827-1,git@github.com:restud-replication-packages/27827-1.git,2021-07-09T15:12:49Z
28002,git@github.com:restud-replication-packages/28002.git,2021-08-24T18:41:42Z
26197,git@github.com:restud-replication-packages/26197.git,2021-08-27T05:37:27Z
27827,git@github.com:restud-replication-packages/27827.git,2021-07-09T10:42:11Z
26058,git@github.com:restud-replication-packages/26058.git,2021-08-01T12:52:24Z
24402,git@github.com:restud-replication-packages/24402.git,2021-06-15T08:04:40Z
29375,git@github.com:restud-replication-packages/29375.git,2021-08-16T17:04:13Z
27104,git@github.com:restud-replication-packages/27104.git,2021-07-30T12:41:45Z
27690,git@github.com:restud-replication-packages/27690.git,2021-06-19T10:15:34Z
27007,git@github.com:restud-replication-packages/27007.git,2021-06-23T14:26:55Z
25310,git@github.com:restud-replication-packages/25310.git,2021-06-13T10:03:16Z
24700,git@github.com:restud-replication-packages/24700.git,2021-07-08T06:23:39Z
27021,git@github.com:restud-replication-packages/27021.git,2021-06-17T21:00:48Z
27079,git@github.com:restud-replication-packages/27079.git,2021-06-19T09:20:42Z
29277,git@github.com:restud-replication-packages/29277.git,2021-06-04T10:50:12Z
23961,git@github.com:restud-replication-packages/23961.git,2021-07-07T18:17:43Z
24240,git@github.com:restud-replication-packages/24240.git,2021-07-07T14:29:29Z
AEJApp-2020-0615,git@github.com:restud-replication-packages/AEJApp-2020-0615.git,2021-07-13T09:39:19Z
28091,git@github.com:restud-replication-packages/28091.git,2021-04-29T15:10:09Z
28130,git@github.com:restud-replication-packages/28130.git,2021-05-26T14:23:05Z
22272,git@github.com:restud-replication-packages/22272.git,2021-05-12T10:09:10Z
28063,git@github.com:restud-replication-packages/28063.git,2021-05-26T13:52:07Z
24181,git@github.com:restud-replication-packages/24181.git,2021-05-26T09:52:54Z
28191,git@github.com:restud-replication-packages/28191.git,2021-05-02T11:45:13Z
26128,git@github.com:restud-replication-packages/26128.git,2021-05-12T10:35:38Z
27511,git@github.com:restud-replication-packages/27511.git,2021-05-12T16:12:24Z
27512,git@github.com:restud-replication-packages/27512.git,2021-04-30T10:55:46Z
28638,git@github.com:restud-replication-packages/28638.git,2021-04-30T13:09:40Z
26008,git@github.com:restud-replication-packages/26008.git,2021-03-22T09:56:36Z
25930,git@github.com:restud-replication-packages/25930.git,2021-03-21T21:56:45Z
24921,git@github.com:restud-replication-packages/24921.git,2021-04-19T08:42:56Z
27912,git@github.com:restud-replication-packages/27912.git,2021-01-31T20:13:16Z
25000,git@github.com:restud-replication-packages/25000.git,2021-02-19T11:23:30Z
28728,git@github.com:restud-replication-packages/28728.git,2021-03-08T08:11:08Z
28171,git@github.com:restud-replication-packages/28171.git,2021-02-22T16:19:02Z
28352,git@github.com:restud-replication-packages/28352.git,2021-03-24T11:49:49Z
25355,git@github.com:restud-replication-packages/25355.git,2021-03-04T12:31:55Z
26693,git@github.com:restud-replication-packages/26693.git,2021-02-16T13:49:47Z
25945,git@github.com:restud-replication-packages/25945.git,2021-02-11T16:50:28Z
28192,git@github.com:restud-replication-packages/28192.git,2021-01-14T17:55:07Z
27221,git@github.com:restud-replication-packages/27221.git,2021-02-04T13:04:41Z
28178,git@github.com:restud-replication-packages/28178.git,2021-02-12T09:52:23Z
26763,git@github.com:restud-replication-packages/26763.git,2021-01-14T16:21:50Z
26460,git@github.com:restud-replication-packages/26460.git,2021-02-12T08:26:29Z
27531,git@github.com:restud-replication-packages/27531.git,2021-01-04T19:37:12Z
25364,git@github.com:restud-replication-packages/25364.git,2021-01-17T19:02:58Z
test1,git@github.com:restud-replication-packages/test1.git,2021-02-17T09:48:48Z
26684,git@github.com:restud-replication-packages/26684.git,2021-01-29T13:03:00Z
28407,git@github.com:restud-replication-packages/28407.git,2021-01-18T08:36:18Z
28598,git@github.com:restud-replication-packages/28598.git,2021-01-14T16:47:33Z
23483,git@github.com:restud-replication-packages/23483.git,2020-11-25T14:05:50Z
27014,git@github.com:restud-replication-packages/27014.git,2021-01-04T20:02:38Z
12345,git@github.com:restud-replication-packages/12345.git,2021-02-02T12:32:16Z
12346,git@github.com:restud-replication-packages/12346.git,2021-02-02T12:31:03Z
26331,git@github.com:restud-replication-packages/26331.git,2021-01-04T17:33:18Z
24307,git@github.com:restud-replication-packages/24307.git,2020-12-09T13:50:26Z
28949,git@github.com:restud-replication-packages/28949.git,2020-12-09T14:14:21Z
26154,git@github.com:restud-replication-packages/26154.git,2021-01-04T20:16:07Z
10624,git@github.com:restud-replication-packages/10624.git,2021-01-04T20:12:40Z
27118,git@github.com:restud-replication-packages/27118.git,2021-01-04T11:59:37Z
23975,git@github.com:restud-replication-packages/23975.git,2020-10-28T12:01:00Z
24618,git@github.com:restud-replication-packages/24618.git,2020-11-09T17:22:13Z
27144,git@github.com:restud-replication-packages/27144.git,2020-10-28T11:12:32Z
24845,git@github.com:restud-replication-packages/24845.git,2020-10-16T16:08:09Z
18075,git@github.com:restud-replication-packages/18075.git,2020-02-03T08:52:09Z
23441,git@github.com:restud-replication-packages/23441.git,2020-09-20T17:37:04Z
25255,git@github.com:restud-replication-packages/25255.git,2020-10-14T14:40:15Z
24920,git@github.com:restud-replication-packages/24920.git,2020-10-20T07:15:15Z
26715,git@github.com:restud-replication-packages/26715.git,2020-09-01T18:47:09Z
26023,git@github.com:restud-replication-packages/26023.git,2020-09-23T07:12:40Z
19690,git@github.com:restud-replication-packages/19690.git,2020-09-29T09:54:10Z
25098,git@github.com:restud-replication-packages/25098.git,2020-09-09T11:53:46Z
21202,git@github.com:restud-replication-packages/21202.git,2020-10-07T12:56:24Z
26167,git@github.com:restud-replication-packages/26167.git,2020-10-07T12:55:04Z
23580,git@github.com:restud-replication-packages/23580.git,2020-09-08T14:46:04Z
25077,git@github.com:restud-replication-packages/25077.git,2020-08-27T13:41:46Z
26586,git@github.com:restud-replication-packages/26586.git,2020-09-08T15:25:45Z
25389,git@github.com:restud-replication-packages/25389.git,2020-08-27T15:43:31Z
25304,git@github.com:restud-replication-packages/25304.git,2020-08-12T13:15:00Z
25136,git@github.com:restud-replication-packages/25136.git,2020-09-01T10:43:06Z
24045,git@github.com:restud-replication-packages/24045.git,2020-08-19T07:21:32Z
26920,git@github.com:restud-replication-packages/26920.git,2020-08-12T12:27:25Z
27804,git@github.com:restud-replication-packages/27804.git,2019-12-06T10:12:29Z
26437,git@github.com:restud-replication-packages/26437.git,2020-07-08T09:58:56Z
27258,git@github.com:restud-replication-packages/27258.git,2020-07-30T17:42:06Z
24152,git@github.com:restud-replication-packages/24152.git,2020-07-29T13:54:44Z
23976,git@github.com:restud-replication-packages/23976.git,2020-07-14T17:35:30Z
24500,git@github.com:restud-replication-packages/24500.git,2020-06-25T10:36:20Z
23269,git@github.com:restud-replication-packages/23269.git,2020-04-24T18:47:39Z
26299,git@github.com:restud-replication-packages/26299.git,2020-07-09T14:25:00Z
25632,git@github.com:restud-replication-packages/25632.git,2020-06-05T15:59:39Z
23594,git@github.com:restud-replication-packages/23594.git,2020-06-09T20:42:05Z
23325,git@github.com:restud-replication-packages/23325.git,2019-11-14T09:41:30Z
RDV,git@github.com:restud-replication-packages/RDV.git,2019-12-06T10:24:06Z
